"Track Title","Composer","Track ID"
"Summer Nights","Ken Pryor","BB_BB_0001_00101"
"Bubble Dub","Kurt Hoffman","BB_BB_0001_01001"
"Lean West","J. Awbreaker","BB_BB_0001_10001"
"Rap Detective","G. Odiva","BB_BB_0001_10101"
"Classic Crunch","T. Winkie","BB_BB_0001_10201"
"Bubble Dub","Kurt Hoffman","BB_BB_0001_10301"
"Ghetto Piper","Anson Gosine;Duane Perera","BB_BB_0001_10401"
"Crime Hitz","C. Andyman","BB_BB_0001_10501"
"Brass Balls","J. Awbreaker","BB_BB_0001_10601"
"8 Mile","T. Wizzler","BB_BB_0001_10701"
"West Sizzle","G. Hoodbar","BB_BB_0001_10801"
"Follow The Dulcitar","Anson Gosine;Duane Perera","BB_BB_0001_10901"
"Ghetto Piper","Anson Gosine;Duane Perera","BB_BB_0001_01101"
"Breakdance Party","C. Andyman","BB_BB_0001_11001"
"Gangsta Heart","J. Awbreaker","BB_BB_0001_11101"
"Forensic Evidence","Anson Gosine;Duane Perera","BB_BB_0001_11201"
"Crack Organ","T. Winkie","BB_BB_0001_11301"
"Whistling Rock","C. Andyman","BB_BB_0001_11401"
"ClavOrganic Pump","G. Odiva","BB_BB_0001_11501"
"Opera Bangin'","J. Awbreaker","BB_BB_0001_11601"
"Run Rabbit","Anson Gosine;Duane Perera","BB_BB_0001_11701"
"Super Hero Shuffle","Kurt Hoffman","BB_BB_0001_11801"
"Sexy Sassy","T. Winkie","BB_BB_0001_11901"
"Crime Hitz","C. Andyman","BB_BB_0001_01201"
"Brass Talk","Anson Gosine;Duane Perera","BB_BB_0001_12001"
"Reggae Snap","T. Winkie","BB_BB_0001_12101"
"Ghetto Lullaby","T. Winkie","BB_BB_0001_12201"
"Spy Kids","Anson Gosine;Duane Perera","BB_BB_0001_12301"
"Cool Koto","Anson Gosine;Duane Perera","BB_BB_0001_12401"
"Brass Balls","J. Awbreaker","BB_BB_0001_01301"
"8 Mile","T. Wizzler","BB_BB_0001_01401"
"West Sizzle","G. Hoodbar","BB_BB_0001_01501"
"Follow The Dulcitar","Anson Gosine;Duane Perera","BB_BB_0001_01601"
"Breakdance Party","C. Andyman","BB_BB_0001_01701"
"Gangsta Heart","J. Awbreaker","BB_BB_0001_01801"
"Forensic Evidence","Anson Gosine;Duane Perera","BB_BB_0001_01901"
"Arabian Bounce","T. Winkie","BB_BB_0001_00201"
"Crack Organ","T. Winkie","BB_BB_0001_02001"
"Whistling Rock","C. Andyman","BB_BB_0001_02101"
"ClavOrganic Pump","G. Odiva","BB_BB_0001_02201"
"Opera Bangin'","J. Awbreaker","BB_BB_0001_02301"
"Run Rabbit","Anson Gosine;Duane Perera","BB_BB_0001_02401"
"Super Hero Shuffle","Kurt Hoffman","BB_BB_0001_02501"
"Sexy Sassy","T. Winkie","BB_BB_0001_02601"
"Brass Talk","Anson Gosine;Duane Perera","BB_BB_0001_02701"
"Reggae Snap","T. Winkie","BB_BB_0001_02801"
"Ghetto Lullaby","T. Winkie","BB_BB_0001_02901"
"Pop Candy","Anson Gosine;Duane Perera","BB_BB_0001_00301"
"Spy Kids","Anson Gosine;Duane Perera","BB_BB_0001_03001"
"Cool Koto","Anson Gosine;Duane Perera","BB_BB_0001_03101"
"Summer Nights","Ken Pryor","BB_BB_0001_03201"
"Arabian Bounce","T. Winkie","BB_BB_0001_03301"
"Pop Candy","Anson Gosine;Duane Perera","BB_BB_0001_03401"
"Hood Poppin'","T. Winkie","BB_BB_0001_03501"
"Foot Soldier","T. Winkie","BB_BB_0001_03601"
"Flute Tease","Anson Gosine;Duane Perera","BB_BB_0001_03701"
"Lean West","J. Awbreaker","BB_BB_0001_03801"
"Rap Detective","G. Odiva","BB_BB_0001_03901"
"Hood Poppin'","T. Winkie","BB_BB_0001_00401"
"Classic Crunch","T. Winkie","BB_BB_0001_04001"
"Bubble Dub","Kurt Hoffman","BB_BB_0001_04101"
"Ghetto Piper","Anson Gosine;Duane Perera","BB_BB_0001_04201"
"Crime Hitz","C. Andyman","BB_BB_0001_04301"
"Brass Balls","J. Awbreaker","BB_BB_0001_04401"
"8 Mile","T. Wizzler","BB_BB_0001_04501"
"West Sizzle","G. Hoodbar","BB_BB_0001_04601"
"Follow The Dulcitar","Anson Gosine;Duane Perera","BB_BB_0001_04701"
"Breakdance Party","C. Andyman","BB_BB_0001_04801"
"Gangsta Heart","J. Awbreaker","BB_BB_0001_04901"
"Foot Soldier","T. Winkie","BB_BB_0001_00501"
"Forensic Evidence","Anson Gosine;Duane Perera","BB_BB_0001_05001"
"Crack Organ","T. Winkie","BB_BB_0001_05101"
"Whistling Rock","C. Andyman","BB_BB_0001_05201"
"ClavOrganic Pump","G. Odiva","BB_BB_0001_05301"
"Opera Bangin'","J. Awbreaker","BB_BB_0001_05401"
"Run Rabbit","Anson Gosine;Duane Perera","BB_BB_0001_05501"
"Super Hero Shuffle","Kurt Hoffman","BB_BB_0001_05601"
"Sexy Sassy","T. Winkie","BB_BB_0001_05701"
"Brass Talk","Anson Gosine;Duane Perera","BB_BB_0001_05801"
"Reggae Snap","T. Winkie","BB_BB_0001_05901"
"Flute Tease","Anson Gosine;Duane Perera","BB_BB_0001_00601"
"Ghetto Lullaby","T. Winkie","BB_BB_0001_06001"
"Spy Kids","Anson Gosine;Duane Perera","BB_BB_0001_06101"
"Cool Koto","Anson Gosine;Duane Perera","BB_BB_0001_06201"
"Summer Nights","Ken Pryor","BB_BB_0001_06301"
"Arabian Bounce","T. Winkie","BB_BB_0001_06401"
"Pop Candy","Anson Gosine;Duane Perera","BB_BB_0001_06501"
"Hood Poppin'","T. Winkie","BB_BB_0001_06601"
"Foot Soldier","T. Winkie","BB_BB_0001_06701"
"Flute Tease","Anson Gosine;Duane Perera","BB_BB_0001_06801"
"Lean West","J. Awbreaker","BB_BB_0001_06901"
"Lean West","J. Awbreaker","BB_BB_0001_00701"
"Rap Detective","G. Odiva","BB_BB_0001_07001"
"Classic Crunch","T. Winkie","BB_BB_0001_07101"
"Bubble Dub","Kurt Hoffman","BB_BB_0001_07201"
"Ghetto Piper","Anson Gosine;Duane Perera","BB_BB_0001_07301"
"Crime Hitz","C. Andyman","BB_BB_0001_07401"
"Brass Balls","J. Awbreaker","BB_BB_0001_07501"
"8 Mile","T. Wizzler","BB_BB_0001_07601"
"West Sizzle","G. Hoodbar","BB_BB_0001_07701"
"Follow The Dulcitar","Anson Gosine;Duane Perera","BB_BB_0001_07801"
"Breakdance Party","C. Andyman","BB_BB_0001_07901"
"Rap Detective","G. Odiva","BB_BB_0001_00801"
"Gangsta Heart","J. Awbreaker","BB_BB_0001_08001"
"Forensic Evidence","Anson Gosine;Duane Perera","BB_BB_0001_08101"
"Crack Organ","T. Winkie","BB_BB_0001_08201"
"Whistling Rock","C. Andyman","BB_BB_0001_08301"
"ClavOrganic Pump","G. Odiva","BB_BB_0001_08401"
"Opera Bangin'","J. Awbreaker","BB_BB_0001_08501"
"Run Rabbit","Anson Gosine;Duane Perera","BB_BB_0001_08601"
"Super Hero Shuffle","Kurt Hoffman","BB_BB_0001_08701"
"Sexy Sassy","T. Winkie","BB_BB_0001_08801"
"Brass Talk","Anson Gosine;Duane Perera","BB_BB_0001_08901"
"Classic Crunch","T. Winkie","BB_BB_0001_00901"
"Reggae Snap","T. Winkie","BB_BB_0001_09001"
"Ghetto Lullaby","T. Winkie","BB_BB_0001_09101"
"Spy Kids","Anson Gosine;Duane Perera","BB_BB_0001_09201"
"Cool Koto","Anson Gosine;Duane Perera","BB_BB_0001_09301"
"Summer Nights","Ken Pryor","BB_BB_0001_09401"
"Arabian Bounce","T. Winkie","BB_BB_0001_09501"
"Pop Candy","Anson Gosine;Duane Perera","BB_BB_0001_09601"
"Hood Poppin'","T. Winkie","BB_BB_0001_09701"
"Foot Soldier","T. Winkie","BB_BB_0001_09801"
"Flute Tease","Anson Gosine;Duane Perera","BB_BB_0001_09901"
"Midnight Run","J. Scott Giaquinta","BB_BB_0004_00101"
"Jazz Lounge","J. Scott Giaquinta","BB_BB_0004_01001"
"Crackin' Down","Kurt Hoffman","BB_BB_0004_01101"
"Alien Discovery","J. Scott Giaquinta","BB_BB_0004_01201"
"I Know Crazy","J. Scott Giaquinta","BB_BB_0004_01301"
"iRock Arena","C. Andyman","BB_BB_0004_01401"
"Speed Pimpin'","Kurt Hoffman","BB_BB_0004_01501"
"Electro Break","C. Andyman","BB_BB_0004_01601"
"Break For It","J. Scott Giaquinta","BB_BB_0004_01701"
"Tokyo Shuffle","J. Scott Giaquinta","BB_BB_0004_01801"
"Cranium Break","J. Ellybeanz","BB_BB_0004_01901"
"Bollywood Boogaloo","Kurt Hoffman","BB_BB_0004_00201"
"Night Raid","J. Scott Giaquinta","BB_BB_0004_02001"
"Mad Science","J. Scott Giaquinta","BB_BB_0004_02101"
"Assembly Line Quake","J. Ellybeanz","BB_BB_0004_02201"
"Planet Pulse","J. Scott Giaquinta","BB_BB_0004_02301"
"Six Shooter","J. Scott Giaquinta","BB_BB_0004_00301"
"Casino Royal","J. Scott Giaquinta","BB_BB_0004_00401"
"Criminality","Kurt Hoffman","BB_BB_0004_00501"
"Resistance","J. Scott Giaquinta","BB_BB_0004_00601"
"Formula One","J. Scott Giaquinta","BB_BB_0004_00701"
"Go Vs Go","Kurt Hoffman","BB_BB_0004_00801"
"Critical Condition","J. Scott Giaquinta","BB_BB_0004_00901"
"Hit 'Em Down","J. Awbreaker","BB_BB_0002_00101"
"Club Crunk","Anson Gosine;Duane Perera","BB_BB_0002_01001"
"Mean Muggin'","J. Ellybeanz","BB_BB_0002_10001"
"Southside Snap","J. Awbreaker","BB_BB_0002_10101"
"Sine Droppin'","G. Hoodbar","BB_BB_0002_10201"
"Club Crunk","Anson Gosine;Duane Perera","BB_BB_0002_10301"
"Southern Epic","J. Awbreaker","BB_BB_0002_10401"
"Crunk of the Bells","J. Ellybeanz","BB_BB_0002_10501"
"Clap Down","J. Ellybeanz","BB_BB_0002_10601"
"Hood Hacker","T. Wizzler","BB_BB_0002_10701"
"On That Hustle","J. Ellybeanz","BB_BB_0002_10801"
"Still Lovely","Ken Pryor","BB_BB_0002_10901"
"Southern Epic","J. Awbreaker","BB_BB_0002_01101"
"Alarm Bender","G. Hoodbar","BB_BB_0002_11001"
"Slow Pain","Anson Gosine;Duane Perera","BB_BB_0002_11101"
"Dance Alert","C. Andyman","BB_BB_0002_11201"
"Krunk in the Trunk","J. Ellybeanz","BB_BB_0002_11301"
"Crunky Go Round","J. Ellybeanz","BB_BB_0002_11401"
"Ridin' On Em","G. Hoodbar","BB_BB_0002_11501"
"Smooth Flow","Anson Gosine;Duane Perera","BB_BB_0002_11601"
"Street Cred","J. Ellybeanz","BB_BB_0002_11701"
"Church Hop","Ken Pryor","BB_BB_0002_11801"
"Spaceward Crunk","T. Winkie","BB_BB_0002_11901"
"Crunk Of The Bells","J. Ellybeanz","BB_BB_0002_01201"
"Crack That Whip","J. Awbreaker","BB_BB_0002_12001"
"Snake Pit","G. Hoodbar","BB_BB_0002_12101"
"Fog Machines","Anson Gosine;Duane Perera","BB_BB_0002_12201"
"Rolling Portamento","J. Awbreaker","BB_BB_0002_12301"
"So Souf","Ken Pryor","BB_BB_0002_12401"
"Clap Down","J. Ellybeanz","BB_BB_0002_01301"
"Hood Hacker","T. Wizzler","BB_BB_0002_01401"
"On That Hustle","J. Ellybeanz","BB_BB_0002_01501"
"Still Lovely","Ken Pryor","BB_BB_0002_01601"
"Alarm Bender","G. Hoodbar","BB_BB_0002_01701"
"Slow Pain","Anson Gosine;Duane Perera","BB_BB_0002_01801"
"Dance Alert","C. Andyman","BB_BB_0002_01901"
"Boom Invasion","T. Winkie","BB_BB_0002_00201"
"Krunk In The Trunk","J. Ellybeanz","BB_BB_0002_02001"
"Crunky Go Round","J. Ellybeanz","BB_BB_0002_02101"
"Ridin' On 'Em","G. Hoodbar","BB_BB_0002_02201"
"Smooth Flow","Anson Gosine;Duane Perera","BB_BB_0002_02301"
"Street Cred","J. Ellybeanz","BB_BB_0002_02401"
"Church Hop","Ken Pryor","BB_BB_0002_02501"
"Spaceward Crunk","T. Winkie","BB_BB_0002_02601"
"Crack That Whip","J. Awbreaker","BB_BB_0002_02701"
"Snake Pit","G. Hoodbar","BB_BB_0002_02801"
"Fog Machines","Anson Gosine;Duane Perera","BB_BB_0002_02901"
"Southern Girls","J. Awbreaker","BB_BB_0002_00301"
"Rolling Portamento","J. Awbreaker","BB_BB_0002_03001"
"So Souf","Ken Pryor","BB_BB_0002_03101"
"Hit 'Em Down","J. Awbreaker","BB_BB_0002_03201"
"Boom Invasion","T. Winkie","BB_BB_0002_03301"
"Southern Girls","J. Awbreaker","BB_BB_0002_03401"
"Metal Grill","J. Ellybeanz","BB_BB_0002_03501"
"Block Movement","Anson Gosine;Duane Perera","BB_BB_0002_03601"
"Crunk Thuggin'","Anson Gosine;Duane Perera","BB_BB_0002_03701"
"Mean Muggin'","J. Ellybeanz","BB_BB_0002_03801"
"Southside Snap","J. Awbreaker","BB_BB_0002_03901"
"Metal Grill","J. Ellybeanz","BB_BB_0002_00401"
"Sine Droppin'","G. Hoodbar","BB_BB_0002_04001"
"Club Crunk","Anson Gosine;Duane Perera","BB_BB_0002_04101"
"Southern Epic","J. Awbreaker","BB_BB_0002_04201"
"Crunk Of The Bells","J. Ellybeanz","BB_BB_0002_04301"
"Clap Down","J. Ellybeanz","BB_BB_0002_04401"
"Hood Hacker","T. Wizzler","BB_BB_0002_04501"
"On That Hustle","J. Ellybeanz","BB_BB_0002_04601"
"Still Lovely","Ken Pryor","BB_BB_0002_04701"
"Alarm Bender","G. Hoodbar","BB_BB_0002_04801"
"Slow Pain","Anson Gosine;Duane Perera","BB_BB_0002_04901"
"Block Movement","Anson Gosine;Duane Perera","BB_BB_0002_00501"
"Dance Alert","C. Andyman","BB_BB_0002_05001"
"Krunk In The Trunk","J. Ellybeanz","BB_BB_0002_05101"
"Crunky Go Round","J. Ellybeanz","BB_BB_0002_05201"
"Ridin' On 'Em","G. Hoodbar","BB_BB_0002_05301"
"Smooth Flow","Anson Gosine;Duane Perera","BB_BB_0002_05401"
"Street Cred","J. Ellybeanz","BB_BB_0002_05501"
"Church Hop","Ken Pryor","BB_BB_0002_05601"
"Spaceward Crunk","T. Winkie","BB_BB_0002_05701"
"Crack That Whip","J. Awbreaker","BB_BB_0002_05801"
"Snake Pit","G. Hoodbar","BB_BB_0002_05901"
"Crunk Thuggin'","Anson Gosine;Duane Perera","BB_BB_0002_00601"
"Fog Machines","Anson Gosine;Duane Perera","BB_BB_0002_06001"
"Rolling Portamento","J. Awbreaker","BB_BB_0002_06101"
"So Souf","Ken Pryor","BB_BB_0002_06201"
"Hit 'Em Down","J. Awbreaker","BB_BB_0002_06301"
"Boom Invasion","T. Winkie","BB_BB_0002_06401"
"Southern Girls","J. Awbreaker","BB_BB_0002_06501"
"Metal Grill","J. Ellybeanz","BB_BB_0002_06601"
"Block Movement","Anson Gosine;Duane Perera","BB_BB_0002_06701"
"Crunk Thuggin'","Anson Gosine;Duane Perera","BB_BB_0002_06801"
"Mean Muggin'","J. Ellybeanz","BB_BB_0002_06901"
"Mean Muggin'","J. Ellybeanz","BB_BB_0002_00701"
"Southside Snap","J. Awbreaker","BB_BB_0002_07001"
"Sine Droppin'","G. Hoodbar","BB_BB_0002_07101"
"Club Crunk","Anson Gosine;Duane Perera","BB_BB_0002_07201"
"Southern Epic","J. Awbreaker","BB_BB_0002_07301"
"Crunk of the Bells","J. Ellybeanz","BB_BB_0002_07401"
"Clap Down","J. Ellybeanz","BB_BB_0002_07501"
"Hood Hacker","T. Wizzler","BB_BB_0002_07601"
"On That Hustle","J. Ellybeanz","BB_BB_0002_07701"
"Still Lovely","Ken Pryor","BB_BB_0002_07801"
"Alarm Bender","G. Hoodbar","BB_BB_0002_07901"
"Southside Snap","J. Awbreaker","BB_BB_0002_00801"
"Slow Pain","Anson Gosine;Duane Perera","BB_BB_0002_08001"
"Dance Alert","C. Andyman","BB_BB_0002_08101"
"Krunk in the Trunk","J. Ellybeanz","BB_BB_0002_08201"
"Crunky Go Round","J. Ellybeanz","BB_BB_0002_08301"
"Ridin' On Em","G. Hoodbar","BB_BB_0002_08401"
"Smooth Flow","Anson Gosine;Duane Perera","BB_BB_0002_08501"
"Street Cred","J. Ellybeanz","BB_BB_0002_08601"
"Church Hop","Ken Pryor","BB_BB_0002_08701"
"Spaceward Crunk","T. Winkie","BB_BB_0002_08801"
"Crack That Whip","J. Awbreaker","BB_BB_0002_08901"
"Sine Droppin'","G. Hoodbar","BB_BB_0002_00901"
"Snake Pit","G. Hoodbar","BB_BB_0002_09001"
"Fog Machines","Anson Gosine;Duane Perera","BB_BB_0002_09101"
"Rolling Portamento","J. Awbreaker","BB_BB_0002_09201"
"So Souf","Ken Pryor","BB_BB_0002_09301"
"Hit 'Em Down","J. Awbreaker","BB_BB_0002_09401"
"Boom Invasion","T. Winkie","BB_BB_0002_09501"
"Southern Girls","J. Awbreaker","BB_BB_0002_09601"
"Metal Grill","J. Ellybeanz","BB_BB_0002_09701"
"Block Movement","Anson Gosine;Duane Perera","BB_BB_0002_09801"
"Crunk Thuggin'","Anson Gosine;Duane Perera","BB_BB_0002_09901"
"Sexy Time","T. Winkie","BB_BB_0007_01001"
"Git Back Home","J. Awbreaker","BB_BB_0007_10001"
"Young Dreams","J. Awbreaker","BB_BB_0007_10101"
"Relaxin'","T. Winkie","BB_BB_0007_10201"
"Sexy Time","T. Winkie","BB_BB_0007_10301"
"March Of Love","J. Awbreaker","BB_BB_0007_10401"
"Soul Bouncin'","T. Winkie","BB_BB_0007_10501"
"Gotsta Be Uppity","J. Ellybeanz","BB_BB_0007_10601"
"Neptizzle","T. Winkie","BB_BB_0007_10701"
"R&B Ballerina","C. Andyman;T. Winkie","BB_BB_0007_10801"
"Dream Of Love","Anson Gosine;Duane Perera","BB_BB_0007_10901"
"March Of Love","J. Awbreaker","BB_BB_0007_01101"
"Neo Funk","T. Winkie","BB_BB_0007_11001"
"Soul Rhodes","J. Awbreaker","BB_BB_0007_11101"
"Running Back","Ken Pryor","BB_BB_0007_11201"
"Karachi Commotion","T. Winkie","BB_BB_0007_11301"
"New Orleans Jump Off","T. Winkie","BB_BB_0007_11401"
"Joy Into Me","T. Winkie","BB_BB_0007_11501"
"Happy Happy","T. Winkie","BB_BB_0007_11601"
"Rezaround Girl","T. Winkie","BB_BB_0007_11701"
"Lost Heart","T. Winkie","BB_BB_0007_11801"
"Roof Burner","J. Ellybeanz","BB_BB_0007_11901"
"Soul Bouncin'","T. Winkie","BB_BB_0007_01201"
"Back Side Slide","T. Winkie","BB_BB_0007_12001"
"Soul Chocolate","T. Winkie","BB_BB_0007_12101"
"Float Away","T. Winkie","BB_BB_0007_12201"
"Escaping U","Ken Pryor","BB_BB_0007_12301"
"Swing Dat Hat","J. Ellybeanz;C. Andyman","BB_BB_0007_12401"
"Gotsta Be Uppity","J. Ellybeanz","BB_BB_0007_01301"
"Neptizzle","T. Winkie","BB_BB_0007_01401"
"R&B Ballerina","C. Andyman;T. Winkie","BB_BB_0007_01501"
"Dream Of Love","Anson Gosine;Duane Perera","BB_BB_0007_01601"
"Neo Funk","T. Winkie","BB_BB_0007_01701"
"Soul Rhodes","J. Awbreaker","BB_BB_0007_01801"
"Running Back","Ken Pryor","BB_BB_0007_01901"
"Karachi Commotion","T. Winkie","BB_BB_0007_02001"
"New Orleans Jump Off","T. Winkie","BB_BB_0007_02101"
"Joy Into Me","T. Winkie","BB_BB_0007_02201"
"Happy Happy","T. Winkie","BB_BB_0007_02301"
"Rezaround Girl","T. Winkie","BB_BB_0007_02401"
"Lost Heart","T. Winkie","BB_BB_0007_02501"
"Roof Burner","J. Ellybeanz","BB_BB_0007_02601"
"Back Side Slide","T. Winkie","BB_BB_0007_02701"
"Soul Chocolate","T. Winkie","BB_BB_0007_02801"
"Float Away","T. Winkie","BB_BB_0007_02901"
"Escaping U","Ken Pryor","BB_BB_0007_03001"
"Swing Dat Hat","J. Ellybeanz;C. Andyman","BB_BB_0007_03101"
"Sugar Poppin'","J. Awbreaker","BB_BB_0007_03201"
"Hugs And Kisses","C. Andyman;T. Winkie","BB_BB_0007_03301"
"Lover Friend","J. Awbreaker","BB_BB_0007_03401"
"Jump Style","T. Winkie","BB_BB_0007_03501"
"Soul Glow","T. Winkie","BB_BB_0007_03601"
"Love Triangle","Ken Pryor","BB_BB_0007_03701"
"Git Back Home","J. Awbreaker","BB_BB_0007_03801"
"Young Dreams","J. Awbreaker","BB_BB_0007_03901"
"Relaxin'","T. Winkie","BB_BB_0007_04001"
"Sexy Time","T. Winkie","BB_BB_0007_04101"
"March Of Love","J. Awbreaker","BB_BB_0007_04201"
"Soul Bouncin'","T. Winkie","BB_BB_0007_04301"
"Gotsta Be Uppity","J. Ellybeanz","BB_BB_0007_04401"
"Neptizzle","T. Winkie","BB_BB_0007_04501"
"R&B Ballerina","C. Andyman;T. Winkie","BB_BB_0007_04601"
"Dream Of Love","Anson Gosine;Duane Perera","BB_BB_0007_04701"
"Neo Funk","T. Winkie","BB_BB_0007_04801"
"Soul Rhodes","J. Awbreaker","BB_BB_0007_04901"
"Running Back","Ken Pryor","BB_BB_0007_05001"
"Karachi Commotion","T. Winkie","BB_BB_0007_05101"
"New Orleans Jump Off","T. Winkie","BB_BB_0007_05201"
"Joy Into Me","T. Winkie","BB_BB_0007_05301"
"Happy Happy","T. Winkie","BB_BB_0007_05401"
"Rezaround Girl","T. Winkie","BB_BB_0007_05501"
"Lost Heart","T. Winkie","BB_BB_0007_05601"
"Roof Burner","J. Ellybeanz","BB_BB_0007_05701"
"Back Side Slide","T. Winkie","BB_BB_0007_05801"
"Soul Chocolate","T. Winkie","BB_BB_0007_05901"
"Float Away","T. Winkie","BB_BB_0007_06001"
"Escaping U","Ken Pryor","BB_BB_0007_06101"
"Swing Dat Hat","J. Ellybeanz;C. Andyman","BB_BB_0007_06201"
"Sugar Poppin'","J. Awbreaker","BB_BB_0007_06301"
"Hugs And Kisses","C. Andyman;T. Winkie","BB_BB_0007_06401"
"Lover Friend","J. Awbreaker","BB_BB_0007_06501"
"Jump Style","T. Winkie","BB_BB_0007_06601"
"Soul Glow","T. Winkie","BB_BB_0007_06701"
"Love Triangle","Ken Pryor","BB_BB_0007_06801"
"Git Back Home","J. Awbreaker","BB_BB_0007_06901"
"Young Dreams","J. Awbreaker","BB_BB_0007_07001"
"Relaxin'","T. Winkie","BB_BB_0007_07101"
"Sexy Time","T. Winkie","BB_BB_0007_07201"
"March Of Love","J. Awbreaker","BB_BB_0007_07301"
"Soul Bouncin'","T. Winkie","BB_BB_0007_07401"
"Gotsta Be Uppity","J. Ellybeanz","BB_BB_0007_07501"
"Neptizzle","T. Winkie","BB_BB_0007_07601"
"R&B Ballerina","C. Andyman;T. Winkie","BB_BB_0007_07701"
"Dream Of Love","Anson Gosine;Duane Perera","BB_BB_0007_07801"
"Neo Funk","T. Winkie","BB_BB_0007_07901"
"Soul Rhodes","J. Awbreaker","BB_BB_0007_08001"
"Running Back","Ken Pryor","BB_BB_0007_08101"
"Karachi Commotion","T. Winkie","BB_BB_0007_08201"
"New Orleans Jump Off","T. Winkie","BB_BB_0007_08301"
"Joy Into Me","T. Winkie","BB_BB_0007_08401"
"Happy Happy","T. Winkie","BB_BB_0007_08501"
"Rezaround Girl","T. Winkie","BB_BB_0007_08601"
"Lost Heart","T. Winkie","BB_BB_0007_08701"
"Roof Burner","J. Ellybeanz","BB_BB_0007_08801"
"Back Side Slide","T. Winkie","BB_BB_0007_08901"
"Relaxin'","T. Winkie","BB_BB_0007_00901"
"Soul Chocolate","T. Winkie","BB_BB_0007_09001"
"Float Away","T. Winkie","BB_BB_0007_09101"
"Escaping U","Ken Pryor","BB_BB_0007_09201"
"Swing Dat Hat","J. Ellybeanz;C. Andyman","BB_BB_0007_09301"
"Sugar Poppin'","J. Awbreaker","BB_BB_0007_09401"
"Hugs And Kisses","C. Andyman;T. Winkie","BB_BB_0007_09501"
"Lover Friend","J. Awbreaker","BB_BB_0007_09601"
"Jump Style","T. Winkie","BB_BB_0007_09701"
"Soul Glow","T. Winkie","BB_BB_0007_09801"
"Love Triangle","Ken Pryor","BB_BB_0007_09901"
"Dance Right Girl","J. Awbreaker","BB_BB_0003_00101"
"Go Go Gadget","J. Awbreaker","BB_BB_0003_01001"
"King of Strings","T. Winkie","BB_BB_0003_10001"
"Vampira","J. Awbreaker","BB_BB_0003_10101"
"Princess Bangkok","T. Winkie","BB_BB_0003_10201"
"Go Go Gadget","J. Awbreaker","BB_BB_0003_10301"
"Electro Shock","Ken Pryor","BB_BB_0003_10401"
"All Funk'd Up","T. Winkie","BB_BB_0003_10501"
"Latin Cheerleader","J. Awbreaker","BB_BB_0003_10601"
"Skateboard Pimp","T. Wizzler","BB_BB_0003_10701"
"Cloud Nine","Ken Pryor","BB_BB_0003_10801"
"Heart And Stone","T. Winkie","BB_BB_0003_10901"
"Electro Shock","Ken Pryor","BB_BB_0003_01101"
"Seductive Diva","G. Odiva","BB_BB_0003_11001"
"Black Eyed Tease","J. Ellybeanz","BB_BB_0003_11101"
"Strip Race","J. Awbreaker","BB_BB_0003_11201"
"Watch Her Go","J. Awbreaker","BB_BB_0003_11301"
"Lucky Strike","T. Winkie","BB_BB_0003_11401"
"Get After It","J. Awbreaker","BB_BB_0003_11501"
"So She Goes","J. Awbreaker","BB_BB_0003_11601"
"Underworld","T. Winkie","BB_BB_0003_11701"
"Miss Crunk Booty","J. Awbreaker","BB_BB_0003_11801"
"Static Express","T. Winkie","BB_BB_0003_11901"
"All Funk'd Up","T. Winkie","BB_BB_0003_01201"
"CPU Rhumba","Ken Pryor","BB_BB_0003_12001"
"Dance Floor Porn","T. Winkie","BB_BB_0003_12101"
"Southern Divas","Anson Gosine;Duane Perera","BB_BB_0003_12201"
"So Horny Baby","T. Winkie","BB_BB_0003_12301"
"Tango Twist","Anson Gosine;Duane Perera","BB_BB_0003_12401"
"Latin Cheerleader","J. Awbreaker","BB_BB_0003_01301"
"Skateboard Pimp","T. Wizzler","BB_BB_0003_01401"
"Cloud Nine","Ken Pryor","BB_BB_0003_01501"
"Heart And Stone","T. Winkie","BB_BB_0003_01601"
"Seductive Diva","G. Odiva","BB_BB_0003_01701"
"Black Eyed Tease","J. Ellybeanz","BB_BB_0003_01801"
"Strip Race","J. Awbreaker","BB_BB_0003_01901"
"Midnight In Cairo","Anson Gosine;Duane Perera","BB_BB_0003_00201"
"Watch Her Go","J. Awbreaker","BB_BB_0003_02001"
"Lucky Strike","T. Winkie","BB_BB_0003_02101"
"Get After It","J. Awbreaker","BB_BB_0003_02201"
"So She Goes","J. Awbreaker","BB_BB_0003_02301"
"Underworld","T. Winkie","BB_BB_0003_02401"
"Miss Crunk Booty","J. Awbreaker","BB_BB_0003_02501"
"Static Express","T. Winkie","BB_BB_0003_02601"
"CPU Rhumba","Ken Pryor","BB_BB_0003_02701"
"Dance Floor Porn","T. Winkie","BB_BB_0003_02801"
"Southern Divas","Anson Gosine;Duane Perera","BB_BB_0003_02901"
"Asian Mistress","J. Awbreaker","BB_BB_0003_00301"
"So Horny Baby","T. Winkie","BB_BB_0003_03001"
"Tango Twist","Anson Gosine;Duane Perera","BB_BB_0003_03101"
"Dance Right Girl","J. Awbreaker","BB_BB_0003_03201"
"Midnight In Cairo","Anson Gosine;Duane Perera","BB_BB_0003_03301"
"Asian Mistress","J. Awbreaker","BB_BB_0003_03401"
"Clubberland","Ken Pryor","BB_BB_0003_03501"
"Pizsitar","Anson Gosine;Duane Perera","BB_BB_0003_03601"
"Miss Crazy Horns","J. Awbreaker","BB_BB_0003_03701"
"King Of Strings","T. Winkie","BB_BB_0003_03801"
"Vampira","J. Awbreaker","BB_BB_0003_03901"
"Clubberland","Ken Pryor","BB_BB_0003_00401"
"Princess Bangkok","T. Winkie","BB_BB_0003_04001"
"Go Go Gadget","J. Awbreaker","BB_BB_0003_04101"
"Electro Shock","Ken Pryor","BB_BB_0003_04201"
"All Funk'd Up","T. Winkie","BB_BB_0003_04301"
"Latin Cheerleader","J. Awbreaker","BB_BB_0003_04401"
"Skateboard Pimp","T. Wizzler","BB_BB_0003_04501"
"Cloud Nine","Ken Pryor","BB_BB_0003_04601"
"Heart And Stone","T. Winkie","BB_BB_0003_04701"
"Seductive Diva","G. Odiva","BB_BB_0003_04801"
"Black Eyed Tease","J. Ellybeanz","BB_BB_0003_04901"
"Pizsitar","Anson Gosine;Duane Perera","BB_BB_0003_00501"
"Strip Race","J. Awbreaker","BB_BB_0003_05001"
"Watch Her Go","J. Awbreaker","BB_BB_0003_05101"
"Lucky Strike","T. Winkie","BB_BB_0003_05201"
"Get After It","J. Awbreaker","BB_BB_0003_05301"
"So She Goes","J. Awbreaker","BB_BB_0003_05401"
"Underworld","T. Winkie","BB_BB_0003_05501"
"Miss Crunk Booty","J. Awbreaker","BB_BB_0003_05601"
"Static Express","T. Winkie","BB_BB_0003_05701"
"CPU Rhumba","Ken Pryor","BB_BB_0003_05801"
"Dance Floor Porn","T. Winkie","BB_BB_0003_05901"
"Miss Crazy Horns","J. Awbreaker","BB_BB_0003_00601"
"Southern Divas","Anson Gosine;Duane Perera","BB_BB_0003_06001"
"So Horny Baby","T. Winkie","BB_BB_0003_06101"
"Tango Twist","Anson Gosine;Duane Perera","BB_BB_0003_06201"
"Dance Right Girl","J. Awbreaker","BB_BB_0003_06301"
"Midnight in Cairo","Anson Gosine;Duane Perera","BB_BB_0003_06401"
"Asian Mistress","J. Awbreaker","BB_BB_0003_06501"
"Clubberland","Ken Pryor","BB_BB_0003_06601"
"Pizsitar","Anson Gosine;Duane Perera","BB_BB_0003_06701"
"Miss Crazy Horns","J. Awbreaker","BB_BB_0003_06801"
"King of Strings","T. Winkie","BB_BB_0003_06901"
"King Of Strings","T. Winkie","BB_BB_0003_00701"
"Vampira","J. Awbreaker","BB_BB_0003_07001"
"Princess Bangkok","T. Winkie","BB_BB_0003_07101"
"Go Go Gadget","J. Awbreaker","BB_BB_0003_07201"
"Electro Shock","Ken Pryor","BB_BB_0003_07301"
"All Funk'd Up","T. Winkie","BB_BB_0003_07401"
"Latin Cheerleader","J. Awbreaker","BB_BB_0003_07501"
"Skateboard Pimp","T. Wizzler","BB_BB_0003_07601"
"Cloud Nine","Ken Pryor","BB_BB_0003_07701"
"Heart and Stone","T. Winkie","BB_BB_0003_07801"
"Seductive Diva","G. Odiva","BB_BB_0003_07901"
"Vampira","J. Awbreaker","BB_BB_0003_00801"
"Black Eyed Tease","J. Ellybeanz","BB_BB_0003_08001"
"Strip Race","J. Awbreaker","BB_BB_0003_08101"
"Watch Her Go","J. Awbreaker","BB_BB_0003_08201"
"Lucky Strike","T. Winkie","BB_BB_0003_08301"
"Get After It","J. Awbreaker","BB_BB_0003_08401"
"So She Goes","J. Awbreaker","BB_BB_0003_08501"
"Underworld","T. Winkie","BB_BB_0003_08601"
"Miss Crunk Booty","J. Awbreaker","BB_BB_0003_08701"
"Static Express","T. Winkie","BB_BB_0003_08801"
"CPU Rhumba","Ken Pryor","BB_BB_0003_08901"
"Princess Bangkok","T. Winkie","BB_BB_0003_00901"
"Dance Floor Porn","T. Winkie","BB_BB_0003_09001"
"Southern Divas","Anson Gosine;Duane Perera","BB_BB_0003_09101"
"So Horny Baby","T. Winkie","BB_BB_0003_09201"
"Tango Twist","Anson Gosine;Duane Perera","BB_BB_0003_09301"
"Dance RIght Girl","J. Awbreaker","BB_BB_0003_09401"
"Midnight in Cairo","Anson Gosine;Duane Perera","BB_BB_0003_09501"
"Asian Mistress","J. Awbreaker","BB_BB_0003_09601"
"Clubberland","Ken Pryor","BB_BB_0003_09701"
"Pizsitar","Anson Gosine;Duane Perera","BB_BB_0003_09801"
"Miss Crazy Horns","J. Awbreaker","BB_BB_0003_09901"
