Femme Fatale,Ashley Collins;Emmanuel North,MH_MH_0088_014011,,FEMME_FATALE_MH_88_1400_48KHZ.AIFF,:54,01:00:14:19,01:01:09:05,BI,,,,,
Dance Crasher,Henry Parsley;Louis Edwards,MH_MH_0078_012012,,DANCE_CRASHER_A_MH_78_1200_48KHZ.AIFF,:29,01:01:39:09,01:02:08:15,BI,,,,,
Glimmer and Shimmer,Ashley Collins;Emmanuel North,MH_MH_0088_015013,,GLIMMER_AND_SHIMMER_MH_88_1500_48KHZ.AIFF,01:39,01:02:08:15,01:03:47:21,BI,,,,,
Group Hug 60,David Ayers,MH_MH_0036_023014,,GROUP_HUG_MH_36_700_48KHZ.AIFF,:22,01:03:47:21,01:04:09:22,BI,,,,,
Come Back To Me 60,Andrew Kingslow,MH_MH_0062_017015,,COME_BACK_TO_ME_MH_62_200_48KHZ.AIFF,:34,01:04:33:13,01:05:07:22,BI,,,,,
The In Crowd,Henry Parsley;Louis Edwards,MH_MH_0078_026016,,THE_IN_CROWD_MH_78_2600_48KHZ.AIFF,:07,01:05:07:22,01:05:15:20,BI,,,,,
Turn the Music Up a,Tara Chinn;Rob Bagshaw,KPM_KPM_0767_010017,,TURN_THE_MUSIC_UP_A_KPM_767_1000_44KHZ.WAV,:40,01:05:15:20,01:05:55:24,BI,,,,,
Past Midnight a 60,Nigel Thompson;Rob Bagshaw,KPM_KPM_0767_023018,,PAST_MIDNIGHT_A_KPM_767_700_44KHZ.WAV,01:05,01:06:04:01,01:07:09:03,BI,,,,,
Concerto for Violin and Orchestra in Em Op.64,F Mendelssohn-Bartholdy,KPM_KPMCS_0014_010019,,STOP_DROP_N_ROLL_BB14_100_44KHZ.WAV,:26,01:07:09:03,01:07:35:13,BI,,,,,
Soul Swashbuckler a,Concetta Kirschner;Shawn Lee,KPM_KPM_0767_0160110,,SOUL_SWASHBUCKLER_A_KPM_767_1600_44KHZ.WAV,:52,01:07:42:01,01:08:34:05,BI,,,,,
All the Girls a,Patrick Sturrock;Marc Williams,KPM_KPM_0767_0150111,,ALL_THE_GIRLS_A_KPM_767_1500_44KHZ.WAV,:33,01:08:42:09,01:09:16:00,BI,,,,,
Pump It Up,Si Begg,KPM_KPM_0709_2540112,,PUMP_IT_MH_88_1100_48KHZ.AIFF,:55,01:09:23:20,01:10:19:12,BI,,,,,
Burn It Down a,Jason Tarver;Marc Williams,KPM_KPM_0767_0110113,,BURN_IT_DOWN_A_KPM_767_1100_44KHZ.WAV,:53,01:10:27:21,01:11:21:13,BI,,,,,
I Can Do This Vox 60,Mark Hoey;Sacha Collisson;Danny Dove;Abigail Bailey;Benjamin Alozie,KPM_KPM_0767_0180114,,I_CAN_DO_THIS_VOX_KPM_767_200_44KHZ.WAV,:21,01:11:29:16,01:11:51:01,BI,,,,,
Bounce Like This,Henry Parsley;Louis Edwards,MH_MH_0066_0150115,,BOUNCE_LIKE_THIS_MH_66_1500_48KHZ.AIFF,:08,01:12:39:16,01:12:47:24,BI,,,,,
Love Like This a,Concetta Kirschner;Shawn Lee,KPM_KPM_0767_0130116,,LOVE_LIKE_THIS_A_KPM_767_1300_44KHZ.WAV,:11,01:12:47:24,01:12:59:20,BI,,,,,
Shoot Me Down b 60,Jerry Abbott;Vasco,MH_MH_0042_0190117,,SHOOT_ME_DOWN_A_MH_42_400_48KHZ.AIFF,:50,01:13:04:17,01:13:54:21,BI,,,,,
Shoot Me Down b 60,Jerry Abbott;Vasco,MH_MH_0042_0190118,,SHOOT_ME_DOWN_A_MH_42_400_48KHZ.AIFF,:08,01:14:27:23,01:14:36:03,BI,,,,,
Desert Dunes 2,Steve Spiro,KPM_KPM_0269_0500119,,WHAT_THE_FUNKS_ABOUT_A_MH_69_500_48KHZ.AIFF,:55,01:14:36:03,01:15:31:22,BI,,,,,
Move to the Beat Sting a,Emily Taylor;Tara Chinn;Rob Bagshaw,KPM_KPM_0804_0220120,,MOVE_TO_THE_BEAT_A_KPM_804_300_44KHZ.WAV,:34,01:15:39:18,01:16:13:21,BI,,,,,
Everybody in the Place 60,Aaron Wheeler,JCM_JM_0021_0230121,,EVERYBODY_IN_THE_PLACE_60_JM_21_2300_48KHZ.AIFF,:24,01:16:44:24,01:17:08:24,BI,,,,,
Simple Wishes (a),Robert Foster,KPM_KPM_0681_0250122,,KPM_KPM__681_2501.WAV,:05,01:17:17:00,01:17:22:05,BI,,,,,
All My Friends,Henry Parsley;Louis Edwards,MH_MH_0078_0140123,,ALL_MY_FRIENDS_MH_78_1400_48KHZ.AIFF,:09,01:17:22:05,01:17:31:19,BI,,,,,
Sky Island a,Adam Burns;Chris Salt;Jez Burns,KPM_KPM_0812_0100124,,IM_LIKE_A_FOOL_A_KPM_812_100_48KHZ.AIFF,:31,01:17:31:19,01:18:03:18,BI,,,,,
Sky Island a,Adam Burns;Chris Salt;Jez Burns,KPM_KPM_0812_0100125,,IM_LIKE_A_FOOL_A_KPM_812_100_48KHZ.AIFF,:07,01:18:15:14,01:18:22:17,BI,,,,,
Just Good Friends (c),Graham Preskett,KPM_KPM_0121_0100126,,JUST_GO_A_KPM_767_1400_44KHZ.WAV,:07,01:18:22:17,01:18:30:01,BI,,,,,
Mr Bojangles 60,Geoffrey Richardson;Cotton Club,KPM_KPM_0802_0250127,,MR_BOJANGLES_KPM_815_700_48KHZ.AIFF,:06,01:19:14:08,01:19:20:24,BI,,,,,
Capo Cuts b 30,Benito Blanca,MH_MH_0069_1100128,,CAPO_CUTS_B_MH_69_5600_48KHZ.AIFF,:20,01:19:20:24,01:19:41:18,BI,,,,,
Battleground (a),Robert Foster,KPM_KPM_0565_0490129,,BATTLEGROUND_A_MH_69_1500_48KHZ.AIFF,01:01,01:19:50:03,01:20:52:01,BI,,,,,
Ladies on the Floor a 30,Chris Enderby,MH_MH_0069_0230130,,LADIES_ON_THE_FLOOR_B_MH_69_4300_48KHZ.AIFF,:19,01:21:15:04,01:21:34:12,BI,,,,,
Big Game,Jody Jenkins,KPM_KPM_0709_3940131,,BIG_GAME_KPM_747_3600_44KHZ.WAV,01:15,01:21:34:12,01:22:50:03,BI,,,,,
Autumn Harvest 29 (b),Debbie Wiseman,KPM_KPM_0169_0200132,,LIKE_DIS_LIKE_DAT_A_MH_69_200_48KHZ.AIFF,:01,01:22:50:03,01:22:50:05,BI,,,,,
Autumn Harvest 29 (b),Debbie Wiseman,KPM_KPM_0169_0200133,,LIKE_DIS_LIKE_DAT_A_MH_69_200_48KHZ.AIFF,:02,01:22:55:02,01:22:57:11,BI,,,,,
